fixed acidity,volatile acidity,citric acid,residual sugar,chlorides,free sulfur dioxide,total sulfur dioxide,density,pH,sulphates,alcohol,quality,non-free sulfur dioxide,extra
6.7,0.46,0.24,1.7,0.077,18.0,34.0,994800.0000000001,3.39,0.6,10.6,6,16.0,0
8.2,0.42,0.49,2.6,0.084,32.0,55.0,998800.0000000001,3.34,0.75,8.7,6,23.0,0
7.6,0.43,0.4,2.7,0.082,6.0,11.0,995380.0,3.44,0.54,12.2,6,5.0,0
10.2,0.67,0.39,1.9,0.054,6.0,17.0,997600.0,3.17,0.47,10.0,5,11.0,0
7.3,0.365,0.49,2.5,0.088,39.0,106.0,996600.0,3.36,0.78,11.0,5,67.0,0
